Strouhal number over Reynolds number. Data from Shu (2008),
Reynolds number,Strouhal number
80.0329224431623,0.149943502824859
100,0.161016949152542
149.975146587435,0.182033898305085
184.899683702159,0.189717514124294
